{"cameraMode":{"drawMode":0,"name":"Shaded","section":"Shading Mode"},"sceneLighting":false,"audioPlay":false,"sceneViewState":{"m_AlwaysRefresh":false,"showFog":true,"showSkybox":false,"showFlares":true,"showImageEffects":true,"showParticleSystems":true,"showVisualEffectGraphs":true,"m_FxEnabled":true},"in2DMode":false,"pivot":{"x":6.488588809967041,"y":-0.09841585159301758,"z":24.441970825195314},"rotation":{"x":0.09165725111961365,"y":0.7410675883293152,"z":-0.10337098687887192,"w":0.6570752859115601},"size":7.049498558044434,"orthographic":false}