{"cameraMode":{"drawMode":0,"name":"Shaded","section":"Shading Mode"},"sceneLighting":false,"audioPlay":false,"sceneViewState":{"m_AlwaysRefresh":false,"showFog":true,"showSkybox":false,"showFlares":true,"showImageEffects":true,"showParticleSystems":true,"showVisualEffectGraphs":true,"m_FxEnabled":true},"in2DMode":false,"pivot":{"x":19.97768783569336,"y":2.3212578296661379,"z":34.52763748168945},"rotation":{"x":0.08601005375385285,"y":0.18216514587402345,"z":-0.015996653586626054,"w":0.9793752431869507},"size":5.536917209625244,"orthographic":true}