{"cameraMode":{"drawMode":0,"name":"Shaded","section":"Shading Mode"},"sceneLighting":true,"audioPlay":false,"sceneViewState":{"m_AlwaysRefresh":false,"showFog":true,"showSkybox":true,"showFlares":true,"showImageEffects":true,"showParticleSystems":true,"showVisualEffectGraphs":true,"m_FxEnabled":true},"in2DMode":false,"pivot":{"x":-3.181428909301758,"y":-0.08497238159179688,"z":11.825200080871582},"rotation":{"x":0.5564438104629517,"y":0.0007477583712898195,"z":-0.0005006456631235778,"w":0.830890953540802},"size":14.023025512695313,"orthographic":true}