{"cameraMode":{"drawMode":0,"name":"Shaded","section":"Shading Mode"},"sceneLighting":false,"audioPlay":false,"sceneViewState":{"m_AlwaysRefresh":false,"showFog":true,"showSkybox":false,"showFlares":true,"showImageEffects":true,"showParticleSystems":true,"showVisualEffectGraphs":true,"m_FxEnabled":true},"in2DMode":false,"pivot":{"x":0.00033827126026153564,"y":-0.5991590023040772,"z":-0.5831037163734436},"rotation":{"x":0.34410423040390017,"y":0.03885635361075401,"z":-0.014253958128392697,"w":0.9380251169204712},"size":1.3040046691894532,"orthographic":false}